Catfruit Jubilee|Catfruit Jubilee|Catfruit Jubilee|＠|||||||
Catfruit Jubilee|Catfruit Jubilee|Catfruit Jubilee|＠|||||||
Catfruit Jubilee|Catfruit Jubilee|Catfruit Jubilee|＠|||||||
Catfruit Jubilee|Catfruit Jubilee|Catfruit Jubilee|＠|||||||
Catfruit Jubilee|Catfruit Jubilee|Catfruit Jubilee|＠|||||||
Doom Paradise (Insane)|＠|||||||||
Acts of Cat-God (Insane)|＠|||||||||
Space is the Place (Insane)|＠|||||||||
Violet Flash (Hard)|＠|||||||||
Red Passions (Hard)|＠|||||||||
Blue Illusion (Hard)|＠|||||||||
Rays of Gold (Hard)|＠|||||||||
Violet Flash (Expert)|＠|||||||||
Red Passions (Expert)|＠|||||||||
Blue Illusion (Expert)|＠|||||||||
Rays of Gold (Expert)|＠|||||||||
Violet Flash (Insane)|＠|||||||||
Red Passions (Insane)|＠|||||||||
Blue Illusion (Insane)|＠|||||||||
Rays of Gold (Insane)|＠|||||||||
Catfruit Jubilee|Catfruit Jubilee|Catfruit Jubilee|＠|||||||
in THE MOON|＠|||||||||
Color of Blood (Merciless)|Fear of Flying (Merciless)|Hearts of Darkness (Merciless)|Holy Wrath (Merciless)|Galactic Threat (Merciless)|Clash of Steel (Merciless)|Seas of Death (Merciless)|＠|||
|＠|||||||||
|＠|||||||||
Miracle Iris (Deadly)|＠|||||||||
Eldritch Forces|＠|||||||||
2nd Round: Dawn (Normal)|2nd Round: Dusk (Normal)|＠||||||||
3rd Round: Dawn (Hard)|3rd Round: Dusk (Hard)|＠||||||||
4th Round: Dawn (Veteran)|4th Round: Dusk (Veteran)|＠||||||||
Last Round: Dawn (Veteran)|Last Round: Dusk (Veteran)|＠
2nd Round: Dawn (Expert)|2nd Round: Dusk(Expert)|＠
3rd Round: Dawn (Insane)|3rd Round: Dusk (Insane)|＠
4th Round: Dawn (Deadly)|4th Round: Dusk (Deadly)|＠
Last Round: Dawn (Deadly)|Last Round: Dusk (Deadly)|＠
2nd Round: Dawn (Deadly)|2nd Round: Dusk (Deadly)|＠
3rd Round: Dawn (Deadly)|3rd Round: Dusk (Deadly)|＠
4th Round: Dawn (Merciless)|4th Round: Dusk (Merciless)|＠
Last Round: Dawn  (Merciless)|Last Round: Dusk (Merciless)|＠
Realm of Carnage (Deadly)|＠
Parade of the Dead (Deadly)|＠
Bombergirl (Deadly)|＠
Mount Aku|＠